Strategy,Gross Sharpe,Net Sharpe,Sharpe Lost,Ann. Turnover,Ann. Cost (bps),Net Ann. Return,Linear bps
CostAware,0.621323534618943,0.621323534618943,0.0,2.5604781784540886,0.0,12.265080593525814,0.0
Frictionless,0.6178495237020151,0.6178495237020151,0.0,2.5541632102900884,0.0,11.947269377513363,0.0
MultiPeriod,0.37350658658099556,0.37350658658099556,0.0,2.4552340155416337,0.0,7.5716223379923715,0.0
EqualWeight,0.31022068822039817,0.31022068822039817,0.0,0.14065828709050904,0.0,5.981264662201818,0.0
Frictionless,0.6178495237020151,0.5573720399237656,0.06047748377824946,2.5541632102900884,117.54643166852159,10.77180506082815,10.0
CostAware,0.4682260634107382,0.4323227350038739,0.03590332840686428,1.6739842555517757,70.61398318628608,8.528751406267665,10.0
MultiPeriod,0.39090814190738316,0.37432051614652767,0.016587625760855484,1.0300690176246305,34.41687217400309,7.755367083922157,10.0
EqualWeight,0.31022068822039817,0.3087463125158847,0.0014743757045134753,0.14065828709050904,2.8375767245450856,5.952888894956367,10.0
MultiPeriod,0.4875560651787676,0.4596759560215563,0.027880109157211286,0.24202382047482973,59.121603992556764,9.754047080943192,100.0
EqualWeight,0.31022068822039817,0.29547751705913355,0.014743171161264612,0.14065828709050904,28.37576724545086,5.697506989747309,100.0
CostAware,0.1840835298220784,0.164908187295398,0.019175342526680406,0.14811036914885445,36.98986959563436,3.2700097274723836,100.0
Frictionless,0.6178495237020151,0.009594155173640302,0.6082553685283748,2.5541632102900884,1175.4643166852154,0.19262621066120905,100.0
